0.01	17	0.6360	0.7161	0.5080
0.03	10	0.3999	1.1400	0.5080
0.04	10	0.3343	1.1073	0.5080
0.05	10	0.3185	1.0463	0.5080
0.06	10	0.2948	0.9970	0.5080
0.08	10	0.2663	0.8405	0.5470
0.09	10	0.2081	0.7054	0.6700
0.10	10	0.1749	0.6683	0.7040
0.12	10	0.1623	0.6064	0.7330
0.13	10	0.1471	0.5779	0.7430
0.14	10	0.1720	0.5869	0.7280
0.15	10	0.1483	0.5420	0.7450
0.17	10	0.1288	0.6326	0.7310
0.18	10	0.1404	0.6096	0.7310
0.19	10	0.1349	0.5681	0.7470
0.20	10	0.1223	0.6640	0.7210
0.22	10	0.1247	0.6059	0.7400
0.23	10	0.1213	0.5819	0.7510
0.24	10	0.1322	0.5840	0.7400
0.26	10	0.1200	0.5655	0.7560
0.27	10	0.1297	0.6202	0.7310
0.28	10	0.1263	0.5676	0.7480
0.29	10	0.1195	0.5568	0.7550
0.31	10	0.1130	0.5664	0.7560
0.32	10	0.1281	0.5639	0.7530
0.33	10	0.1428	0.5347	0.7540
0.35	10	0.1397	0.5265	0.7550
0.36	10	0.1426	0.5764	0.7390
0.37	10	0.1282	0.5792	0.7430
0.38	10	0.1669	0.4950	0.7590
0.40	10	0.1397	0.5096	0.7570
0.40	0	0.1255	0.5198	0.7550
